ticker,data_symbol,index_bucket,beta,avg_volume,score,selection_date,usable_for_date
VEDL,VEDL.NS,NIFTY100,1.977,7156001,31.912191447448155,2026-10-08,2026-10-09
JIOFIN,JIOFIN.NS,NIFTY100,1.853,12102234,28.78017616128681,2026-10-08,2026-10-09
LODHA,LODHA.NS,NIFTY100,1.947,1905246,28.46705524644565,2026-10-08,2026-10-09
SHRIRAMFIN,SHRIRAMFIN.NS,NIFTY50,1.95,3968014,28.225412240076903,2026-10-08,2026-10-09
DLF,DLF.NS,NIFTY100,1.805,4077287,28.19727369531364,2026-10-08,2026-10-09
CHOLAFIN,CHOLAFIN.NS,NIFTY100,1.964,1512956,24.783476841258736,2026-10-08,2026-10-09
BAJFINANCE,BAJFINANCE.NS,NIFTY50,1.68,6174544,24.375634042895623,2026-10-08,2026-10-09
BPCL,BPCL.NS,NIFTY50,1.622,4312952,24.043832238562523,2026-10-08,2026-10-09
AMBUJACEM,AMBUJACEM.NS,NIFTY100,1.568,1477327,19.755629616908507,2026-10-08,2026-10-09
ASHOKLEY,ASHOKLEY.NS,NIFTY-MIDCAP,2.292,11049286,35.70608775840442,2026-10-08,2026-10-09
ABCAPITAL,ABCAPITAL.NS,NIFTY-MIDCAP,1.958,2539496,27.575121886126535,2026-10-08,2026-10-09
BANDHANBNK,BANDHANBNK.NS,NIFTY-MIDCAP,1.86,13661591,26.865758349171912,2026-10-08,2026-10-09
HINDPETRO,HINDPETRO.NS,NIFTY-MIDCAP,1.636,3517118,24.68899289746295,2026-10-08,2026-10-09
POONAWALLA,POONAWALLA.NS,NIFTY-MIDCAP,1.667,1246574,24.39825012553618,2026-10-08,2026-10-09
